Name,City,Salary,Average_Salary
Аня,Томск,200000.0,91250.0
Боб,Москва,350000.0,176166.66666666666
Чарли,Москва,270000.0,176166.66666666666
Лиза,Томск,70000.0,91250.0
Настя,0,35000.0,41000.0
Саша,Томск,23000.0,91250.0
Сергей,Москва,250000.0,176166.66666666666
Максим,Москва,0.0,176166.66666666666
Иван,Москва,67000.0,176166.66666666666
Станислав,Москва,120000.0,176166.66666666666
Вика,0,47000.0,41000.0
Мария,Томск,72000.0,91250.0
